T(cid:16)(cid:13)(cid:14)(cid:22),(cid:3)..9.../.. dcc/)b (cid:3)..9dcc/)b,(cid:3)..9.../.. (cid:3)9dce/(cid:3)d (cid:3).(cid:3)9dce/(cid:3)d,(cid:3)..9.../.. ,9edc/(cid:2)) (cid:3).,9edc/(cid:2)),(cid:3)..9.../.. (cid:3)c9(cid:3)ad/)(cid:3) (cid:3)(cid:3)c9(cid:3)ad/)(cid:3),(cid:3)..9.../.. (cid:3))9(cid:2))(cid:3)/(cid:3)d (cid:3)(cid:3))9(cid:2))(cid:3)/(cid:3)d
,,,,,
HIJKL(cid:0)HJ(cid:7)(cid:0)MNM(cid:7)
X(cid:14)(cid:21)_(cid:8)(cid:12)(cid:13)(cid:0)R(cid:14)(cid:13)(cid:8)
).-(cid:3))-).(cid:3)a
))-.b-).(cid:3)c
))-.d-).(cid:3)c
(cid:0)))-(cid:3).-).(cid:3)c
))-.(cid:3)-).).
))-.b-).).
))-.d-).).
))-(cid:3).-).).
))-.(cid:3)-).)(cid:3)
))-.b-).)(cid:3)
))-.d-).)(cid:3)
))-(cid:3).-).)(cid:3)
)b-.(cid:3)-).))
))-.b-).))
))-.d-).))
)b-(cid:3).-).))
)e-.(cid:3)-).)e,O(cid:0)PJQR(cid:0)KSTUJVT(cid:0)KSTUUJIRSQW(cid:0)HJ(cid:7)(cid:0)TUM(cid:0)U
E(cid:22)(cid:14)(cid:11)(cid:11)(cid:0)]
X(cid:10)(cid:15)(cid:12)(cid:19)(cid:15)(cid:9)(cid:14)(cid:22) W(cid:10)(cid:16)(cid:11)(cid:11)(cid:0) T(cid:16)(cid:13)(cid:14)(cid:22)(cid:0)
(cid:7)(cid:8)(cid:9)(cid:14)(cid:21)_(cid:8)(cid:12)(cid:13) S(cid:12)(cid:13)(cid:8)(cid:10)(cid:8)(cid:11)(cid:13) H(cid:22)(cid:16)‘
(cid:3)(cid:3)9)cb/ee (cid:3).(cid:2)/(cid:2). (cid:3)(cid:3)9b../ce
a9d,(cid:3)/ba (cid:2)c/c(cid:2) a9a)(cid:3)/bb
a9eac/ec (cid:2)e/d, a9b,e/(cid:3)b
d9)d(cid:3)/c, ,d/.(cid:2) d9e)c/.(cid:3)
(cid:2)9,dc/(cid:2), ,./d(cid:3) (cid:2)9(cid:2)e./e(cid:2)
,9c(cid:2)a/e(cid:2) b,/,) (cid:2)9.(cid:3)e/aa
,9dbb/d, b(cid:3)/)(cid:2) ,9da(cid:2)/.(cid:3)
b9a))/(cid:3)(cid:2) e(cid:2)/(cid:2)a b9a,a/ab
b9ea)/(cid:3)a e)/(cid:3)) b9b(cid:3)b/e.
e9cb)/,, )c/.) e9cd(cid:3)/,d
e9ab./)c )(cid:2)/(cid:3)c e9a(cid:2)(cid:2)/ba
e9(cid:3)(cid:2)(cid:2)/(cid:3)a )e/(cid:2)b e9(cid:3)ac/a)
)9c.e/,(cid:3) (cid:3)c/d(cid:3) )9c)e/))
)9,,d/ea (cid:3)a/.c )9,d,/bd
)9,),/b) (cid:3)(cid:2)/(cid:2)(cid:3) )9,b)/.e
(cid:3)9cc)/e. (cid:3)b/.c )9..(cid:2)/ec,JIRM(cid:7)(cid:0)EX(cid:7)Y(cid:6)f[(cid:0)\]CJVQTL(cid:0)SQ(cid:0)MV(cid:7)^
E(cid:22)(cid:14)(cid:11)(cid:11)(cid:0)P
X(cid:10)(cid:15)(cid:12)(cid:19)(cid:15)(cid:9)(cid:14)(cid:22) W(cid:10)(cid:16)(cid:11)(cid:11)(cid:0) T(cid:16)(cid:13)(cid:14)(cid:22)(cid:0)
(cid:7)(cid:8)(cid:9)(cid:14)(cid:21)_(cid:8)(cid:12)(cid:13) S(cid:12)(cid:13)(cid:8)(cid:10)(cid:8)(cid:11)(cid:13) H(cid:22)(cid:16)‘
(cid:3)(cid:3)9)cb/ee )ec/(cid:3)d (cid:3)(cid:3)9,ee/,.
a9d,(cid:3)/ba (cid:3),(cid:2)/c(cid:2) a9c.a/bb
a9eac/ec (cid:3)be/.e a9,e)/b)
d9)d(cid:3)/c, (cid:3))a/.) d9ecc/cd
(cid:2)9,dc/(cid:2), (cid:3)(cid:3)e/d(cid:2) (cid:2)9(cid:2)ce/b(cid:3)
,9c(cid:2)a/e(cid:2) (cid:3).)/(cid:3)) (cid:2)9.d./ba
,9dbb/d, c)/,d ,9aed/e)
b9a))/(cid:3)(cid:2) a)/)c b9c.b/b,
b9ea)/(cid:3)a d)/.(cid:2) b9b,b/)b
e9cb)/,, (cid:2),/(cid:3)(cid:3) b9..d/(cid:2)(cid:2)
e9ab./)c ,a/dd e9acc/.(cid:2)
e9(cid:3)(cid:2)(cid:2)/(cid:3)a ,e/.e e9)(cid:3)c/)(cid:3)
)9c.e/,(cid:3) bb/)e )9cbd/db
)9,,d/ea b./(cid:2). )9,cd/ca
)9,),/b) ed/)(cid:2) )9,(cid:2))/(cid:2)a
(cid:3)9cc)/e. e(cid:3)/(cid:2). )9.)e/c.,E(cid:22)(cid:14)(cid:11)(cid:11)(cid:0)E
X(cid:10)(cid:15)(cid:12)(cid:19)(cid:15)(cid:9)(cid:14)(cid:22) W(cid:10)(cid:16)(cid:11)(cid:11)(cid:0) T(cid:16)(cid:13)(cid:14)(cid:22)(cid:0)
(cid:7)(cid:8)(cid:9)(cid:14)(cid:21)_(cid:8)(cid:12)(cid:13) S(cid:12)(cid:13)(cid:8)(cid:10)(cid:8)(cid:11)(cid:13) H(cid:22)(cid:16)‘
(cid:3)(cid:3)9)cb/ee d(cid:3)d/,. (cid:3))9.(cid:3)(cid:3)/ae
a9d,(cid:3)/ba bd./aa c9)))/e(cid:2)
a9eac/ec b)c/.a a9a(cid:3)a/bd
d9)d(cid:3)/c, eab/.(cid:2) d9(cid:2),(cid:2)/.(cid:3)
(cid:2)9,dc/(cid:2), eb(cid:3)/)c (cid:2)9c)./cb
,9c(cid:2)a/e(cid:2) e.(cid:2)/e(cid:2) (cid:2)9)db/d)
,9dbb/d, )dd/d. (cid:2)9.))/b,
b9a))/(cid:3)(cid:2) )b(cid:2)/a(cid:2) ,9.(cid:2)c/.)
b9ea)/(cid:3)a )(cid:3)(cid:2)/(cid:3)a b9,ca/e(cid:2)
e9cb)/,, (cid:3)c,/ee b9(cid:3)ed/aa
e9ab./)c (cid:3)d(cid:2)/e) b9.(cid:3)(cid:2)/(cid:2)(cid:3)
e9(cid:3)(cid:2)(cid:2)/(cid:3)a (cid:3),c/.a e9e),/)(cid:2)
)9c.e/,(cid:3) (cid:3)e)/(cid:2)a e9.e(cid:2)/(cid:3)c
)9,,d/ea (cid:3))(cid:3)/dc )9(cid:2)dc/(cid:3)d
)9,),/b) (cid:3)(cid:3)(cid:3)/da )9(cid:2)ed/).
(cid:3)9cc)/e. cb/a(cid:3) )9.ad/(cid:3)(cid:3),E(cid:22)(cid:14)(cid:11)(cid:11)(cid:0)R
X(cid:10)(cid:15)(cid:12)(cid:19)(cid:15)(cid:9)(cid:14)(cid:22) W(cid:10)(cid:16)(cid:11)(cid:11)(cid:0) T(cid:16)(cid:13)(cid:14)(cid:22)(cid:0)
(cid:7)(cid:8)(cid:9)(cid:14)(cid:21)_(cid:8)(cid:12)(cid:13) S(cid:12)(cid:13)(cid:8)(cid:10)(cid:8)(cid:11)(cid:13) H(cid:22)(cid:16)‘
(cid:3)(cid:3)9)cb/ee )9,,c/.a (cid:3)e9a,e/b(cid:3)
a9d,(cid:3)/ba (cid:3)9(cid:2)dc/bd (cid:3).9be./c,
a9eac/ec (cid:3)9,e./b(cid:3) c9c(cid:3)c/a.
d9)d(cid:3)/c, (cid:3)9e(cid:2)c/ae a9(cid:2)b(cid:3)/da
(cid:2)9,dc/(cid:2), (cid:3)9)(cid:3)d/)(cid:2) d9dc(cid:2)/c(cid:3)
,9c(cid:2)a/e(cid:2) (cid:3)9.c)/(cid:2)c d9.(cid:2)(cid:3)/.,
,9dbb/d, cc./b, (cid:2)9de,/).
b9a))/(cid:3)(cid:2) aa./bc ,9d.)/(cid:2),
b9ea)/(cid:3)a dd(cid:3)/.(cid:2) ,9(cid:3),e/)b
e9cb)/,, (cid:2)c(cid:2)/(cid:2)(cid:2) b9(cid:2)ec/)(cid:3)
e9ab./)c (cid:2))a/a, b9b(cid:2)c/(cid:3)b
e9(cid:3)(cid:2)(cid:2)/(cid:3)a ,(cid:2)d/b(cid:3) e9dee/,c
)9c.e/,(cid:3) bde/)) e9ed(cid:2)/de
)9,,d/ea beb/ec )9cc(cid:3)/dd
)9,),/b) eca/(cid:2)c )9c)b/(cid:3)(cid:3)
(cid:3)9cc)/e. eea/(cid:3), )9ee./b,,E(cid:22)(cid:14)(cid:11)(cid:11)(cid:0)M
X(cid:10)(cid:15)(cid:12)(cid:19)(cid:15)(cid:9)(cid:14)(cid:22) W(cid:10)(cid:16)(cid:11)(cid:11)(cid:0) T(cid:16)(cid:13)(cid:14)(cid:22)(cid:0)
(cid:7)(cid:8)(cid:9)(cid:14)(cid:21)_(cid:8)(cid:12)(cid:13) S(cid:12)(cid:13)(cid:8)(cid:10)(cid:8)(cid:11)(cid:13) H(cid:22)(cid:16)‘
(cid:3))9,../.. b9(cid:3)../.. (cid:3)(cid:2)9(cid:2)../..
)9dd,/,b )9(cid:2),b/(cid:3)d ,9b)c/d(cid:3)
a9c,(cid:2)/.(cid:3) )9e../.. (cid:3)(cid:3)9),(cid:2)/.(cid:3)
ec9bbe/(cid:2), (cid:3)9c(cid:3)(cid:2)/(cid:2)d b(cid:3)9e(cid:2)./e)
(cid:3)e9d.(cid:2)/(cid:2)b a.a/(cid:2)e (cid:3)b9,(cid:3),/)d
(cid:3)(cid:3)9dcb/.(cid:3) b)c/bd (cid:3))9))e/ba
(cid:3).9a)b/(cid:3), ,./a, (cid:3).9ad,/..
./.. ./.. ./..
./.. ./.. ./..
./.. ./.. ./..
./.. ./.. ./..
./.. ./.. ./..
./.. ./.. ./..
./.. ./.. ./..
./.. ./.. ./..
./.. ./.. ./..
)b-.b-).)e,(cid:3)9a)(cid:3)/(cid:2)c (cid:3))/,(cid:3) (cid:3)9aeb/).,(cid:3)9a)(cid:3)/(cid:2)c )a/.a (cid:3)9abc/dd,(cid:3)9a)(cid:3)/(cid:2)c ab/)b (cid:3)9c.,/ce,(cid:3)9a)(cid:3)/(cid:2)c e../be )9(cid:3)))/(cid:3)),./.. ./.. ./..
